[
  {
    "id": "1937b598-9165-4d12-bab0-64341d122a36",
    "data": [
      {
        "text": "cuéntame un chiste",
        "userDefined": false
      }
    ],
    "isTemplate": false,
    "count": 0,
    "updated": 0
  },
  {
    "id": "3fac614b-abcf-4cda-8fcb-dd84b75440f1",
    "data": [
      {
        "text": "cuéntame otro chiste",
        "userDefined": false
      }
    ],
    "isTemplate": false,
    "count": 0,
    "updated": 0
  },
  {
    "id": "29ebd644-e40d-4ab4-b4a5-ed60edfbfe56",
    "data": [
      {
        "text": "chiste",
        "userDefined": false
      }
    ],
    "isTemplate": false,
    "count": 0,
    "updated": 0
  },
  {
    "id": "58e27aec-574e-4eba-aa51-061a1555a793",
    "data": [
      {
        "text": "cuéntame otro chiste por favor",
        "userDefined": false
      }
    ],
    "isTemplate": false,
    "count": 0,
    "updated": 0
  },
  {
    "id": "8f34f225-db9f-43d8-9550-d0247df3f180",
    "data": [
      {
        "text": "Quiero reirme",
        "userDefined": false
      }
    ],
    "isTemplate": false,
    "count": 0,
    "updated": 0
  },
  {
    "id": "335c9f3e-5ae8-4dba-a2ea-c48d7b5819c2",
    "data": [
      {
        "text": "Cuéntame algo gracioso",
        "userDefined": false
      }
    ],
    "isTemplate": false,
    "count": 0,
    "updated": 0
  },
  {
    "id": "f94d3c35-c092-40ed-96cf-362f72dd7a61",
    "data": [
      {
        "text": "Dime ",
        "userDefined": false
      },
      {
        "text": "un",
        "meta": "@sys.ignore",
        "userDefined": false
      },
      {
        "text": " chiste",
        "userDefined": false
      }
    ],
    "isTemplate": false,
    "count": 0,
    "updated": 0
  },
  {
    "id": "aeee977d-6e83-48ed-a8e3-017e0c5e512e",
    "data": [
      {
        "text": "Hazme reir",
        "meta": "@sys.ignore",
        "userDefined": false
      }
    ],
    "isTemplate": false,
    "count": 0,
    "updated": 0
  },
  {
    "id": "10643571-11c8-4c3b-a15d-d80ce8e848a3",
    "data": [
      {
        "text": "Cuéntame ",
        "userDefined": false
      },
      {
        "text": "un",
        "meta": "@sys.ignore",
        "userDefined": false
      },
      {
        "text": " chiste",
        "userDefined": false
      }
    ],
    "isTemplate": false,
    "count": 0,
    "updated": 0
  }
]