[
  {
    "id": "3f773eb2-38f0-4678-a785-f8799cd8a2bb",
    "data": [
      {
        "text": "quiero ir a ",
        "userDefined": false
      },
      {
        "text": "Sevilla",
        "alias": "destino",
        "meta": "@sys.geo-city",
        "userDefined": true
      },
      {
        "text": " desde ",
        "userDefined": false
      },
      {
        "text": "Mallorca",
        "alias": "origen",
        "meta": "@sys.geo-city",
        "userDefined": false
      },
      {
        "text": " del ",
        "userDefined": false
      },
      {
        "text": "30 de Agosto",
        "alias": "ida",
        "meta": "@sys.date",
        "userDefined": false
      },
      {
        "text": " al ",
        "userDefined": false
      },
      {
        "text": "3 de Septiembre",
        "alias": "vuelta",
        "meta": "@sys.date",
        "userDefined": true
      }
    ],
    "isTemplate": false,
    "count": 0,
    "updated": 0
  },
  {
    "id": "8f93940a-6d3d-413a-89c2-47fca96b98dc",
    "data": [
      {
        "text": "quiero volar de ",
        "userDefined": false
      },
      {
        "text": "Tokio",
        "alias": "origen",
        "meta": "@sys.geo-city",
        "userDefined": true
      },
      {
        "text": " a ",
        "userDefined": false
      },
      {
        "text": "Beijing",
        "alias": "destino",
        "meta": "@sys.geo-city",
        "userDefined": true
      },
      {
        "text": " del ",
        "userDefined": false
      },
      {
        "text": "20 de Noviembre",
        "alias": "ida",
        "meta": "@sys.date",
        "userDefined": true
      },
      {
        "text": " al ",
        "userDefined": false
      },
      {
        "text": "2 de Abril",
        "alias": "vuelta",
        "meta": "@sys.date",
        "userDefined": true
      }
    ],
    "isTemplate": false,
    "count": 0,
    "updated": 0
  },
  {
    "id": "28c9b17c-2857-4b33-b69f-8ab30eb09860",
    "data": [
      {
        "text": "buscame ",
        "userDefined": false
      },
      {
        "text": "un",
        "meta": "@sys.ignore",
        "userDefined": false
      },
      {
        "text": " vuelo de ",
        "userDefined": false
      },
      {
        "text": "Barcelona",
        "alias": "origen",
        "meta": "@sys.geo-city",
        "userDefined": true
      },
      {
        "text": " a ",
        "userDefined": false
      },
      {
        "text": "Madrid",
        "alias": "destino",
        "meta": "@sys.geo-city",
        "userDefined": true
      },
      {
        "text": " del ",
        "userDefined": false
      },
      {
        "text": "11 de Agosto",
        "alias": "ida",
        "meta": "@sys.date",
        "userDefined": true
      },
      {
        "text": " al ",
        "userDefined": false
      },
      {
        "text": "15 de Agosto",
        "alias": "vuelta",
        "meta": "@sys.date",
        "userDefined": true
      }
    ],
    "isTemplate": false,
    "count": 0,
    "updated": 0
  }
]