{
    "AuxAudioDevice1": {
        "balance": 0.5,
        "deinterlace_field_order": 0,
        "deinterlace_mode": 0,
        "enabled": true,
        "flags": 0,
        "hotkeys": {
            "libobs.mute": [],
            "libobs.push-to-mute": [],
            "libobs.push-to-talk": [],
            "libobs.unmute": []
        },
        "id": "wasapi_input_capture",
        "mixers": 255,
        "monitoring_type": 0,
        "muted": false,
        "name": "Mic/Aux",
        "prev_ver": 419430401,
        "private_settings": {},
        "push-to-mute": false,
        "push-to-mute-delay": 0,
        "push-to-talk": false,
        "push-to-talk-delay": 0,
        "settings": {
            "device_id": "default"
        },
        "sync": 0,
        "versioned_id": "wasapi_input_capture",
        "volume": 1.0
    },
    "DesktopAudioDevice1": {
        "balance": 0.5,
        "deinterlace_field_order": 0,
        "deinterlace_mode": 0,
        "enabled": true,
        "flags": 0,
        "hotkeys": {
            "libobs.mute": [],
            "libobs.push-to-mute": [],
            "libobs.push-to-talk": [],
            "libobs.unmute": []
        },
        "id": "wasapi_output_capture",
        "mixers": 255,
        "monitoring_type": 0,
        "muted": false,
        "name": "Desktop Audio",
        "prev_ver": 419430401,
        "private_settings": {},
        "push-to-mute": false,
        "push-to-mute-delay": 0,
        "push-to-talk": false,
        "push-to-talk-delay": 0,
        "settings": {
            "device_id": "default"
        },
        "sync": 0,
        "versioned_id": "wasapi_output_capture",
        "volume": 1.0
    },
    "current_program_scene": "Talk",
    "current_scene": "Talk",
    "current_transition": "Fade",
    "groups": [],
    "modules": {
        "auto-scene-switcher": {
            "active": false,
            "interval": 300,
            "non_matching_scene": "",
            "switch_if_not_matching": false,
            "switches": []
        },
        "captions": {
            "enabled": false,
            "lang_id": 1033,
            "provider": "mssapi",
            "source": ""
        },
        "output-timer": {
            "autoStartRecordTimer": false,
            "autoStartStreamTimer": false,
            "pauseRecordTimer": true,
            "recordTimerHours": 0,
            "recordTimerMinutes": 0,
            "recordTimerSeconds": 30,
            "streamTimerHours": 0,
            "streamTimerMinutes": 0,
            "streamTimerSeconds": 30
        },
        "scripts-tool": []
    },
    "name": "OG",
    "preview_locked": false,
    "quick_transitions": [
        {
            "duration": 300,
            "fade_to_black": false,
            "hotkeys": [],
            "id": 1,
            "name": "Cut"
        },
        {
            "duration": 300,
            "fade_to_black": false,
            "hotkeys": [],
            "id": 2,
            "name": "Fade"
        }
    ],
    "saved_projectors": [],
    "scaling_enabled": false,
    "scaling_level": 0,
    "scaling_off_x": 0.0,
    "scaling_off_y": 0.0,
    "scene_order": [
        {
            "name": "Inici"
        },
        {
            "name": "Talk"
        },
        {
            "name": "Q&A"
        }
    ],
    "sources": [
        {
            "balance": 0.5,
            "deinterlace_field_order": 0,
            "deinterlace_mode": 0,
            "enabled": true,
            "flags": 0,
            "hotkeys": {},
            "id": "monitor_capture",
            "mixers": 0,
            "monitoring_type": 0,
            "muted": false,
            "name": "Display Capture",
            "prev_ver": 419430401,
            "private_settings": {},
            "push-to-mute": false,
            "push-to-mute-delay": 0,
            "push-to-talk": false,
            "push-to-talk-delay": 0,
            "settings": {},
            "sync": 0,
            "versioned_id": "monitor_capture",
            "volume": 1.0
        },
        {
            "balance": 0.5,
            "deinterlace_field_order": 0,
            "deinterlace_mode": 0,
            "enabled": true,
            "flags": 0,
            "hotkeys": {
                "libobs.mute": [],
                "libobs.push-to-mute": [],
                "libobs.push-to-talk": [],
                "libobs.unmute": []
            },
            "id": "browser_source",
            "mixers": 255,
            "monitoring_type": 0,
            "muted": false,
            "name": "Discord",
            "prev_ver": 419430401,
            "private_settings": {},
            "push-to-mute": false,
            "push-to-mute-delay": 0,
            "push-to-talk": false,
            "push-to-talk-delay": 0,
            "settings": {
                "height": 64,
                "url": "https://streamkit.discordapp.com/overlay/status/694354003026378782?icon=true&online=false&logo=white&text_color=%231f1f1f&text_size=17&text_outline_color=%23000000&text_outline_size=0&text_shadow_color=%23000000&text_shadow_size=0&bg_color=%231e2124&bg_opacity=0&bg_shadow_color=%23000000&bg_shadow_size=0&invite_code=z5eqTGD&limit_speaking=false&small_avatars=false&hide_names=false&fade_chat=0",
                "width": 312
            },
            "sync": 0,
            "versioned_id": "browser_source",
            "volume": 1.0
        },
        {
            "balance": 0.5,
            "deinterlace_field_order": 0,
            "deinterlace_mode": 0,
            "enabled": true,
            "flags": 0,
            "hotkeys": {},
            "id": "image_source",
            "mixers": 0,
            "monitoring_type": 0,
            "muted": false,
            "name": "Fon",
            "prev_ver": 419430401,
            "private_settings": {},
            "push-to-mute": false,
            "push-to-mute-delay": 0,
            "push-to-talk": false,
            "push-to-talk-delay": 0,
            "settings": {
                "file": "C:/Users/Hamza/Downloads/TALKS/R2/Andrea/Q&A.png"
            },
            "sync": 0,
            "versioned_id": "image_source",
            "volume": 1.0
        },
        {
            "balance": 0.5,
            "deinterlace_field_order": 0,
            "deinterlace_mode": 0,
            "enabled": true,
            "flags": 0,
            "hotkeys": {
                "OBSBasic.SelectScene": [],
                "libobs.hide_scene_item.Chat Twitch": [],
                "libobs.hide_scene_item.Discord": [],
                "libobs.hide_scene_item.Fon": [],
                "libobs.hide_scene_item.Webcam": [],
                "libobs.show_scene_item.Chat Twitch": [],
                "libobs.show_scene_item.Discord": [],
                "libobs.show_scene_item.Fon": [],
                "libobs.show_scene_item.Webcam": []
            },
            "id": "scene",
            "mixers": 0,
            "monitoring_type": 0,
            "muted": false,
            "name": "Q&A",
            "prev_ver": 419430401,
            "private_settings": {},
            "push-to-mute": false,
            "push-to-mute-delay": 0,
            "push-to-talk": false,
            "push-to-talk-delay": 0,
            "settings": {
                "custom_size": false,
                "id_counter": 7,
                "items": [
                    {
                        "align": 5,
                        "bounds": {
                            "x": 0.0,
                            "y": 0.0
                        },
                        "bounds_align": 0,
                        "bounds_type": 0,
                        "crop_bottom": 0,
                        "crop_left": 0,
                        "crop_right": 0,
                        "crop_top": 0,
                        "group_item_backup": false,
                        "id": 1,
                        "locked": true,
                        "name": "Fon",
                        "pos": {
                            "x": 0.0,
                            "y": 0.0
                        },
                        "private_settings": {},
                        "rot": 0.0,
                        "scale": {
                            "x": 1.0,
                            "y": 1.0
                        },
                        "scale_filter": "disable",
                        "visible": true
                    },
                    {
                        "align": 5,
                        "bounds": {
                            "x": 0.0,
                            "y": 0.0
                        },
                        "bounds_align": 0,
                        "bounds_type": 0,
                        "crop_bottom": 0,
                        "crop_left": 0,
                        "crop_right": 0,
                        "crop_top": 0,
                        "group_item_backup": false,
                        "id": 3,
                        "locked": true,
                        "name": "Discord",
                        "pos": {
                            "x": 73.0,
                            "y": 848.0
                        },
                        "private_settings": {},
                        "rot": 0.0,
                        "scale": {
                            "x": 2.2660255432128906,
                            "y": 2.265625
                        },
                        "scale_filter": "disable",
                        "visible": true
                    },
                    {
                        "align": 5,
                        "bounds": {
                            "x": 0.0,
                            "y": 0.0
                        },
                        "bounds_align": 0,
                        "bounds_type": 0,
                        "crop_bottom": 0,
                        "crop_left": 0,
                        "crop_right": 0,
                        "crop_top": 0,
                        "group_item_backup": false,
                        "id": 6,
                        "locked": false,
                        "name": "Webcam",
                        "pos": {
                            "x": 109.0,
                            "y": 381.0
                        },
                        "private_settings": {},
                        "rot": 0.0,
                        "scale": {
                            "x": 1.0062500238418579,
                            "y": 1.0062500238418579
                        },
                        "scale_filter": "disable",
                        "visible": true
                    },
                    {
                        "align": 5,
                        "bounds": {
                            "x": 0.0,
                            "y": 0.0
                        },
                        "bounds_align": 0,
                        "bounds_type": 0,
                        "crop_bottom": 89,
                        "crop_left": 0,
                        "crop_right": 0,
                        "crop_top": 49,
                        "group_item_backup": false,
                        "id": 7,
                        "locked": false,
                        "name": "Chat Twitch",
                        "pos": {
                            "x": 805.0,
                            "y": 346.0
                        },
                        "private_settings": {},
                        "rot": 0.0,
                        "scale": {
                            "x": 1.3212499618530273,
                            "y": 1.3211207389831543
                        },
                        "scale_filter": "disable",
                        "visible": true
                    }
                ]
            },
            "sync": 0,
            "versioned_id": "scene",
            "volume": 1.0
        },
        {
            "balance": 0.5,
            "deinterlace_field_order": 0,
            "deinterlace_mode": 0,
            "enabled": true,
            "flags": 0,
            "hotkeys": {
                "OBSBasic.SelectScene": [],
                "libobs.hide_scene_item.Display Capture": [],
                "libobs.hide_scene_item.Webcam": [],
                "libobs.hide_scene_item.Window Capture": [],
                "libobs.show_scene_item.Display Capture": [],
                "libobs.show_scene_item.Webcam": [],
                "libobs.show_scene_item.Window Capture": []
            },
            "id": "scene",
            "mixers": 0,
            "monitoring_type": 0,
            "muted": false,
            "name": "Talk",
            "prev_ver": 419430401,
            "private_settings": {},
            "push-to-mute": false,
            "push-to-mute-delay": 0,
            "push-to-talk": false,
            "push-to-talk-delay": 0,
            "settings": {
                "custom_size": false,
                "id_counter": 19,
                "items": [
                    {
                        "align": 5,
                        "bounds": {
                            "x": 0.0,
                            "y": 0.0
                        },
                        "bounds_align": 0,
                        "bounds_type": 0,
                        "crop_bottom": 0,
                        "crop_left": 0,
                        "crop_right": 0,
                        "crop_top": 0,
                        "group_item_backup": false,
                        "id": 11,
                        "locked": false,
                        "name": "Window Capture",
                        "pos": {
                            "x": 0.0,
                            "y": 0.0
                        },
                        "private_settings": {},
                        "rot": 0.0,
                        "scale": {
                            "x": 1.0,
                            "y": 1.0
                        },
                        "scale_filter": "disable",
                        "visible": true
                    },
                    {
                        "align": 5,
                        "bounds": {
                            "x": 0.0,
                            "y": 0.0
                        },
                        "bounds_align": 0,
                        "bounds_type": 0,
                        "crop_bottom": 0,
                        "crop_left": 0,
                        "crop_right": 0,
                        "crop_top": 0,
                        "group_item_backup": false,
                        "id": 19,
                        "locked": false,
                        "name": "Display Capture",
                        "pos": {
                            "x": 0.0,
                            "y": 0.0
                        },
                        "private_settings": {},
                        "rot": 0.0,
                        "scale": {
                            "x": 1.0,
                            "y": 1.0
                        },
                        "scale_filter": "disable",
                        "visible": true
                    },
                    {
                        "align": 5,
                        "bounds": {
                            "x": 0.0,
                            "y": 0.0
                        },
                        "bounds_align": 0,
                        "bounds_type": 0,
                        "crop_bottom": 0,
                        "crop_left": 0,
                        "crop_right": 0,
                        "crop_top": 0,
                        "group_item_backup": false,
                        "id": 14,
                        "locked": false,
                        "name": "Webcam",
                        "pos": {
                            "x": 1599.0,
                            "y": 839.0
                        },
                        "private_settings": {},
                        "rot": 0.0,
                        "scale": {
                            "x": 0.50156247615814209,
                            "y": 0.50208336114883423
                        },
                        "scale_filter": "disable",
                        "visible": true
                    }
                ]
            },
            "sync": 0,
            "versioned_id": "scene",
            "volume": 1.0
        },
        {
            "balance": 0.5,
            "deinterlace_field_order": 0,
            "deinterlace_mode": 0,
            "enabled": true,
            "flags": 0,
            "hotkeys": {},
            "id": "window_capture",
            "mixers": 0,
            "monitoring_type": 0,
            "muted": false,
            "name": "Window Capture",
            "prev_ver": 419430401,
            "private_settings": {},
            "push-to-mute": false,
            "push-to-mute-delay": 0,
            "push-to-talk": false,
            "push-to-talk-delay": 0,
            "settings": {
                "cursor": false,
                "window": "TALKS:CabinetWClass:explorer.exe"
            },
            "sync": 0,
            "versioned_id": "window_capture",
            "volume": 1.0
        },
        {
            "balance": 0.5,
            "deinterlace_field_order": 0,
            "deinterlace_mode": 0,
            "enabled": true,
            "flags": 0,
            "hotkeys": {
                "libobs.mute": [],
                "libobs.push-to-mute": [],
                "libobs.push-to-talk": [],
                "libobs.unmute": []
            },
            "id": "browser_source",
            "mixers": 255,
            "monitoring_type": 0,
            "muted": false,
            "name": "Chat Twitch",
            "prev_ver": 419430401,
            "private_settings": {},
            "push-to-mute": false,
            "push-to-mute-delay": 0,
            "push-to-talk": false,
            "push-to-talk-delay": 0,
            "settings": {
                "url": "https://www.twitch.tv/popout/hackersupc/chat?popout="
            },
            "sync": 0,
            "versioned_id": "browser_source",
            "volume": 1.0
        },
        {
            "balance": 0.5,
            "deinterlace_field_order": 0,
            "deinterlace_mode": 0,
            "enabled": true,
            "flags": 0,
            "hotkeys": {
                "OBSBasic.SelectScene": [],
                "libobs.hide_scene_item.Fons": [],
                "libobs.hide_scene_item.Webcam": [],
                "libobs.show_scene_item.Fons": [],
                "libobs.show_scene_item.Webcam": []
            },
            "id": "scene",
            "mixers": 0,
            "monitoring_type": 0,
            "muted": false,
            "name": "Inici",
            "prev_ver": 419430401,
            "private_settings": {},
            "push-to-mute": false,
            "push-to-mute-delay": 0,
            "push-to-talk": false,
            "push-to-talk-delay": 0,
            "settings": {
                "custom_size": false,
                "id_counter": 3,
                "items": [
                    {
                        "align": 5,
                        "bounds": {
                            "x": 0.0,
                            "y": 0.0
                        },
                        "bounds_align": 0,
                        "bounds_type": 0,
                        "crop_bottom": 0,
                        "crop_left": 0,
                        "crop_right": 0,
                        "crop_top": 0,
                        "group_item_backup": false,
                        "id": 1,
                        "locked": true,
                        "name": "Fons",
                        "pos": {
                            "x": 0.0,
                            "y": -1.0
                        },
                        "private_settings": {},
                        "rot": 0.0,
                        "scale": {
                            "x": 1.0,
                            "y": 1.0
                        },
                        "scale_filter": "disable",
                        "visible": true
                    },
                    {
                        "align": 5,
                        "bounds": {
                            "x": 0.0,
                            "y": 0.0
                        },
                        "bounds_align": 0,
                        "bounds_type": 0,
                        "crop_bottom": 0,
                        "crop_left": 0,
                        "crop_right": 0,
                        "crop_top": 0,
                        "group_item_backup": false,
                        "id": 3,
                        "locked": false,
                        "name": "Webcam",
                        "pos": {
                            "x": 966.0,
                            "y": 334.0
                        },
                        "private_settings": {},
                        "rot": 0.0,
                        "scale": {
                            "x": 1.3125,
                            "y": 1.3125
                        },
                        "scale_filter": "disable",
                        "visible": true
                    }
                ]
            },
            "sync": 0,
            "versioned_id": "scene",
            "volume": 1.0
        },
        {
            "balance": 0.5,
            "deinterlace_field_order": 0,
            "deinterlace_mode": 0,
            "enabled": true,
            "flags": 0,
            "hotkeys": {},
            "id": "image_source",
            "mixers": 0,
            "monitoring_type": 0,
            "muted": false,
            "name": "Fons",
            "prev_ver": 419430401,
            "private_settings": {},
            "push-to-mute": false,
            "push-to-mute-delay": 0,
            "push-to-talk": false,
            "push-to-talk-delay": 0,
            "settings": {
                "file": "C:/Users/Hamza/Downloads/TALKS/R2/Andrea/Inicio_Andrea.png"
            },
            "sync": 0,
            "versioned_id": "image_source",
            "volume": 1.0
        },
        {
            "balance": 0.5,
            "deinterlace_field_order": 0,
            "deinterlace_mode": 0,
            "enabled": true,
            "flags": 0,
            "hotkeys": {
                "libobs.mute": [],
                "libobs.push-to-mute": [],
                "libobs.push-to-talk": [],
                "libobs.unmute": []
            },
            "id": "dshow_input",
            "mixers": 255,
            "monitoring_type": 0,
            "muted": false,
            "name": "Webcam",
            "prev_ver": 419430401,
            "private_settings": {},
            "push-to-mute": false,
            "push-to-mute-delay": 0,
            "push-to-talk": false,
            "push-to-talk-delay": 0,
            "settings": {
                "flip_vertically": false,
                "last_video_device_id": "XiaoMi USB 2.0 Webcam:\\\\?\\usb#22vid_04f2&pid_b5a3&mi_00#226&8985b84&0&0000#22{65e8773d-8f56-11d0-a3b9-00a0c9223196}\\global",
                "video_device_id": "XiaoMi USB 2.0 Webcam:\\\\?\\usb#22vid_04f2&pid_b5a3&mi_00#226&8985b84&0&0000#22{65e8773d-8f56-11d0-a3b9-00a0c9223196}\\global"
            },
            "sync": 0,
            "versioned_id": "dshow_input",
            "volume": 1.0
        }
    ],
    "transition_duration": 500,
    "transitions": []
}